{"cameraMode":{"drawMode":0,"name":"Shaded","section":"Shading Mode"},"sceneLighting":true,"audioPlay":false,"sceneViewState":{"m_AlwaysRefresh":false,"showFog":true,"showSkybox":true,"showFlares":true,"showImageEffects":true,"showParticleSystems":true,"showVisualEffectGraphs":true,"m_FxEnabled":true},"in2DMode":false,"pivot":{"x":12.20934009552002,"y":1.8135313987731934,"z":18.377960205078126},"rotation":{"x":-0.05167364701628685,"y":-0.5062577128410339,"z":0.030420677736401559,"w":-0.8602771162986755},"size":0.6779016852378845,"orthographic":false}