{"cameraMode":{"drawMode":0,"name":"Shaded","section":"Shading Mode"},"sceneLighting":true,"audioPlay":false,"sceneViewState":{"m_AlwaysRefresh":false,"showFog":true,"showSkybox":true,"showFlares":true,"showImageEffects":true,"showParticleSystems":true,"showVisualEffectGraphs":true,"m_FxEnabled":true},"in2DMode":false,"pivot":{"x":13.121428489685059,"y":2.408921718597412,"z":4.386887073516846},"rotation":{"x":0.2920139729976654,"y":0.06306404620409012,"z":-0.01930191181600094,"w":0.9541305303573608},"size":5.2062602043151859,"orthographic":false}